{
    "metrics": {
        "http_req_failed": {
            "passes": 0,
            "fails": 18495,
            "thresholds": {
                "rate < 0.05": false
            },
            "value": 0
        },
        "http_reqs": {
            "count": 18495,
            "rate": 142.12843811977018
        },
        "http_req_waiting": {
            "p(95)": 6174.2904599999965,
            "avg": 2791.907644968903,
            "min": 345.7184,
            "med": 2076.3063,
            "max": 21356.5455,
            "p(90)": 5980.73018
        },
        "data_received": {
            "count": 15221746,
            "rate": 116974.47874754579
        },
        "vus": {
            "value": 6,
            "min": 6,
            "max": 600,
            "thresholds": {
                "value >= 100": true
            }
        },
        "http_req_sending": {
            "p(95)": 0,
            "avg": 0.026598291430116223,
            "min": 0,
            "med": 0,
            "max": 2.4737,
            "p(90)": 0
        },
        "iterations": {
            "count": 18495,
            "rate": 142.12843811977018
        },
        "http_req_blocked": {
            "avg": 17.68960275209515,
            "min": 0,
            "med": 0,
            "max": 3830.2949,
            "p(90)": 0,
            "p(95)": 0
        },
        "checks": {
            "passes": 36990,
            "fails": 0,
            "thresholds": {
                "rate > 0.90": false
            },
            "value": 1
        },
        "http_req_connecting": {
            "max": 2476.0168,
            "p(90)": 0,
            "p(95)": 0,
            "avg": 8.73676756420654,
            "min": 0,
            "med": 0
        },
        "http_req_tls_handshaking": {
            "avg": 8.948937939983775,
            "min": 0,
            "med": 0,
            "max": 3354.2097,
            "p(90)": 0,
            "p(95)": 0
        },
        "vus_max": {
            "min": 600,
            "max": 600,
            "value": 600
        },
        "http_req_duration{expected_response:true}": {
            "p(90)": 5986.72398,
            "p(95)": 6383.574819999987,
            "avg": 2804.3348866396386,
            "min": 346.2307,
            "med": 2079.4777,
            "max": 29908.5577
        },
        "data_sent": {
            "rate": 17283.68644592407,
            "count": 2249105
        },
        "http_req_receiving": {
            "max": 14912.5146,
            "p(90)": 12.172220000000019,
            "p(95)": 17.896719999999995,
            "avg": 12.400643379291665,
            "min": 0,
            "med": 0.5059
        },
        "http_req_duration": {
            "max": 29908.5577,
            "p(90)": 5986.72398,
            "p(95)": 6383.574819999987,
            "avg": 2804.3348866396386,
            "min": 346.2307,
            "med": 2079.4777,
            "thresholds": {
                "p(95) < 1000": true
            }
        },
        "iteration_duration": {
            "max": 29908.5547,
            "p(90)": 5987.87374,
            "p(95)": 6516.47287,
            "avg": 2822.0723288456134,
            "min": 346.2307,
            "med": 2084.3472
        }
    },
    "root_group": {
        "name": "",
        "path": "",
        "id": "d41d8cd98f00b204e9800998ecf8427e",
        "groups": {},
        "checks": {
                "Status 200": {
                    "fails": 0,
                    "name": "Status 200",
                    "path": "::Status 200",
                    "id": "1855261f2042b60c6026d0e6d773bdb4",
                    "passes": 18495
                },
                "login response is 200": {
                    "passes": 18495,
                    "fails": 0,
                    "name": "login response is 200",
                    "path": "::login response is 200",
                    "id": "e057fa89c8102234fe234af920bf809e"
                }
            }
    }
}