{
    "root_group": {
        "name": "",
        "path": "",
        "id": "d41d8cd98f00b204e9800998ecf8427e",
        "groups": {},
        "checks": {
                "Status 200": {
                    "name": "Status 200",
                    "path": "::Status 200",
                    "id": "1855261f2042b60c6026d0e6d773bdb4",
                    "passes": 10804,
                    "fails": 0
                },
                "login response is 200": {
                    "fails": 0,
                    "name": "login response is 200",
                    "path": "::login response is 200",
                    "id": "e057fa89c8102234fe234af920bf809e",
                    "passes": 10804
                }
            }
    },
    "metrics": {
        "vus_max": {
            "value": 100,
            "min": 100,
            "max": 100
        },
        "http_req_connecting": {
            "p(95)": 0,
            "avg": 1.1128314142910034,
            "min": 0,
            "med": 0,
            "max": 339.8081,
            "p(90)": 0
        },
        "iteration_duration": {
            "avg": 554.2751378378355,
            "min": 307.8038,
            "med": 507.3848,
            "max": 4547.6381,
            "p(90)": 982.35751,
            "p(95)": 1000.0302
        },
        "data_received": {
            "count": 7801379,
            "rate": 74189.02955534509
        },
        "http_req_blocked": {
            "avg": 2.3359915864494627,
            "min": 0,
            "med": 0,
            "max": 728.5291,
            "p(90)": 0,
            "p(95)": 0
        },
        "http_req_duration": {
            "med": 507.05225,
            "max": 4547.5951,
            "p(90)": 977.3545000000001,
            "p(95)": 999.5088949999999,
            "avg": 551.6624791003347,
            "min": 307.4039,
            "thresholds": {
                "p(95)<500": true
            }
        },
        "http_req_duration{expected_response:true}": {
            "med": 507.05225,
            "max": 4547.5951,
            "p(90)": 977.3545000000001,
            "p(95)": 999.5088949999999,
            "avg": 551.6624791003347,
            "min": 307.4039
        },
        "http_req_sending": {
            "avg": 0.16216711403184006,
            "min": 0,
            "med": 0,
            "max": 10.4825,
            "p(90)": 0.5387,
            "p(95)": 0.5549
        },
        "http_req_receiving": {
            "avg": 0.999435746019992,
            "min": 0,
            "med": 0,
            "max": 624.1878,
            "p(90)": 1.39174,
            "p(95)": 3.7411850000000015
        },
        "vus": {
            "min": 1,
            "max": 99,
            "value": 1,
            "thresholds": {
                "value>=50": true
            }
        },
        "iterations": {
            "count": 10804,
            "rate": 102.74315288565629
        },
        "checks": {
            "passes": 21608,
            "fails": 0,
            "thresholds": {
                "rate>0.95": false
            },
            "value": 1
        },
        "http_reqs": {
            "count": 10804,
            "rate": 102.74315288565629
        },
        "http_req_tls_handshaking": {
            "max": 350.6148,
            "p(90)": 0,
            "p(95)": 0,
            "avg": 1.1951989911144019,
            "min": 0,
            "med": 0
        },
        "data_sent": {
            "count": 1180082,
            "rate": 11222.264470900689
        },
        "http_req_waiting": {
            "med": 506.42725,
            "max": 4547.5951,
            "p(90)": 975.9410600000002,
            "p(95)": 997.59832,
            "avg": 550.5008762402841,
            "min": 307.4039
        },
        "http_req_failed": {
            "passes": 0,
            "fails": 10804,
            "thresholds": {
                "rate<0.01": false
            },
            "value": 0
        }
    }
}